Workbook

Sheet Planilha1
A1: TAREFA | B1: SETOR | C1: ATIVIDADE | D1: ATRIBUÍDO PARA | E1: Minutos | F1: Horas
A2: 2 - LIMPEZA INICIAL | B2: PREPARAÇÃO | C2: Aspiração detalhada | D2: Lohan | E2: 25 | F2: 0.41666667
A3: 3 - ISOLANTE OU FELTRO | B3: PREPARAÇÃO | C3: Aplicar isolante no teto | D3: Lohan | E3: 90 | F3: 1.5
A4: 3 - ISOLANTE OU FELTRO | B4: PREPARAÇÃO | C4: Aplicar isolante no assoalho | D4: Lohan | E4: 90 | F4: 1.5
A5: 3 - ISOLANTE OU FELTRO | B5: PREPARAÇÃO | C5: Aplicar feltro no teto | D5: Lohan | E5: 60 | F5: 1
A6: 3 - ISOLANTE OU FELTRO | B6: PREPARAÇÃO | C6: Colagem do feltro no assoalho | D6: Lohan | E6: 40 | F6: 0.66666667
A7: 3 - ISOLANTE OU FELTRO | B7: APLICAÇÃO COLA | C7: Aplicar cola no feltro | D7: Lohan | E7: 20 | F7: 0.33333333
A8: 6 - CARPETE / ASSOALHO ( NOVO ? / MOLDADO ? / PORSCHE ?) | B8: PREPARAÇÃO | C8: 0 | D8: Lohan | E8: 0 | F8: 0
A9: 6 - CARPETE / ASSOALHO ( NOVO ? / MOLDADO ? / PORSCHE ?) | B9: PREPARAÇÃO | C9: 0 | D9: Lohan | E9: 0 | F9: 0
A10: 9 - TAMPA TRASEIRA | B10: APLICAÇÃO COLA | C10: Aplicar cola | D10: Lohan | E10: 15 | F10: 0.25
A11: 9 - TAMPA TRASEIRA | B11: PREPARAÇÃO | C11: Limpar e inspecionar | D11: Lohan | E11: 15 | F11: 0.25
A12: 9 - TAMPA TRASEIRA | B12: PREPARAÇÃO | C12: Raspar/Lixar | D12: Lohan | E12: 60 | F12: 1
A13: 9 - TAMPA TRASEIRA | B13: DESMONTAGEM | C13: Desmontar peça para preparação | D13: Lohan | E13: 10 | F13: 0.16666667
A14: 10 - LATERAIS TRASEIRAS | B14: PREPARAÇÃO | C14: reparo estrutural | D14: Lohan | E14: 10 | F14: 0.16666667
A15: 10 - LATERAIS TRASEIRAS | B15: PREPARAÇÃO | C15: Limpar e inspecionar | D15: Lohan | E15: 10 | F15: 0.16666667
A16: 10 - LATERAIS TRASEIRAS | B16: PREPARAÇÃO | C16: raspar/lixar | D16: Lohan | E16: 160 | F16: 2.6666667
A17: 10 - LATERAIS TRASEIRAS | B17: PREPARAÇÃO | C17: remoção do tecido/courvin para a preparação | D17: Lohan | E17: 10 | F17: 0.16666667

Sheet GERENCIAMENTO
A1: Gestão de Ordem de Serviço (OS)
B3: # OS: | C3: 7945
B5: Veículo: | C5: gol gti | E5: Atualizado em: | F5: 45544
B7: Lider do Projeto: | C7: Paulique
B9: Início do projeto: | C9: 45544 | F9: Horas Alvo: | G9: =GETPIVOTDATA("Horas",$E$22) -> 57.416667
B11: Data entrega ao Cliente: | C11: 45569 | F11: Horas Reais: | G11: =GETPIVOTDATA("H Real",'PRG02'!$A$3) -> 10.916667
B13: Dias Para Entrega: | C13: =C11-(TODAY()) -> -1 | F13: GAP em Horas: | G13: =G9-G11 -> 46.5
F15: Progresso da OS: | G15: =AVERAGE(C23:C42) -> 0.094375
F17: Eficiência: | G17: =GETPIVOTDATA("Média de Campo2",'PRG02'!$A$3) -> 0.13804004
F19: GAP Horas Vendidas: | G19: =(G9-G11)/G9 -> 0.80986938
A21: Missão a ser realizada selecionada abaixo: | E21: PLANEJAMENTO DE EXECUÇÃO
C22: % concluído | E22: Distribuição | F22: Colaboradores
A23: x | B23: 1 - RETIRADA DE PEÇAS DO VEÍCULO/BALCÃO | C23: =GETPIVOTDATA("Média de % Conclusão",'PRG02'!$A$3,"TAREFA","1 - RETIRADA DE PEÇAS DO VEÍCULO/BALCÃO") -> 0.8875 | D23: =IF(A23="x",B23,0) -> 1 - RETIRADA DE PEÇAS DO VEÍCULO/BALCÃO | E23: Tarefas | F23: Brea | G23: Gabriel | H23: Arthur | I23: Edna | J23: Rita | K23: Kadu | L23: Lohan | M23: Nikolas | N23: Paulique | O23: Não Executar | P23: Total Geral
A24: x | B24: 2 - LIMPEZA INICIAL | C24: =GETPIVOTDATA("Média de % Conclusão",'PRG02'!$A$3,"TAREFA","2 - LIMPEZA INICIAL") -> 1 | D24: =IF(A24="x",B24,0) -> 2 - LIMPEZA INICIAL | E24: 1 - RETIRADA DE PEÇAS DO VEÍCULO/BALCÃO | F24: 0.25 | K24: 0.75 | M24: 2.4166667 | O24: 0 | P24: 3.4166667
A25: x | B25: 3 - ISOLANTE OU FELTRO | C25: =GETPIVOTDATA("Média de % Conclusão",'PRG02'!$A$3,"TAREFA","3 - ISOLANTE OU FELTRO") -> 0 | D25: =IF(A25="x",B25,0) -> 3 - ISOLANTE OU FELTRO | E25: 2 - LIMPEZA INICIAL | L25: 0.41666667 | O25: 0 | P25: 0.41666667
A26: x | B26: 4 - TETO | C26: =GETPIVOTDATA("Média de % Conclusão",'PRG02'!$A$3,"TAREFA","4 - TETO") -> 0 | D26: =IF(A26="x",B26,0) -> 4 - TETO | E26: 3 - ISOLANTE OU FELTRO | J26: 0.75 | L26: 5 | O26: 0 | P26: 5.75
A27: x | B27: 5 - CINTOS | C27: =GETPIVOTDATA("Média de % Conclusão",'PRG02'!$A$3,"TAREFA","5 - CINTOS") -> 0 | D27: =IF(A27="x",B27,0) -> 5 - CINTOS | E27: 4 - TETO | G27: 1.3333333 | H27: 1.3333333 | J27: 0.25 | M27: 6.8333333 | O27: 0 | P27: 9.75
A28: x | B28: 6 - CARPETE / ASSOALHO ( NOVO ? / MOLDADO ? / PORSCHE ?) | C28: =GETPIVOTDATA("Média de % Conclusão",'PRG02'!$A$3,"TAREFA","6 - CARPETE / ASSOALHO ( NOVO ? / MOLDADO ? / PORSCHE ?)") -> 0 | D28: =IF(A28="x",B28,0) -> 6 - CARPETE / ASSOALHO ( NOVO ? / MOLDADO ? / PORSCHE ?) | E28: 5 - CINTOS | H28: 0.41666667 | O28: 0 | P28: 0.41666667
A29: x | B29: 7 - CONSOLE CENTRAL + PEÇAS | C29: =GETPIVOTDATA("Média de % Conclusão",'PRG02'!$A$3,"TAREFA","7 - CONSOLE CENTRAL + PEÇAS") -> 0 | D29: =IF(A29="x",B29,0) -> 7 - CONSOLE CENTRAL + PEÇAS | E29: 6 - CARPETE / ASSOALHO ( NOVO ? / MOLDADO ? / PORSCHE ?) | H29: 1 | I29: 0 | L29: 0 | O29: 0 | P29: 1
A30: x | B30: 8 - PORTA MALAS | C30: =GETPIVOTDATA("Média de % Conclusão",'PRG02'!$A$3,"TAREFA","8 - PORTA MALAS") -> 0 | D30: =IF(A30="x",B30,0) -> 8 - PORTA MALAS | E30: 7 - CONSOLE CENTRAL + PEÇAS | H30: 0.33333333 | O30: 0 | P30: 0.33333333
A31: x | B31: 9 - TAMPA TRASEIRA | C31: =GETPIVOTDATA("Média de % Conclusão",'PRG02'!$A$3,"TAREFA","9 - TAMPA TRASEIRA") -> 0 | D31: =IF(A31="x",B31,0) -> 9 - TAMPA TRASEIRA | E31: 8 - PORTA MALAS | G31: 0.66666667 | H31: 1.8333333 | J31: 0.5 | K31: 0.083333333 | O31: 0 | P31: 3.0833333
A32: x | B32: 10 - LATERAIS TRASEIRAS | C32: =GETPIVOTDATA("Média de % Conclusão",'PRG02'!$A$3,"TAREFA","10 - LATERAIS TRASEIRAS") -> 0 | D32: =IF(A32="x",B32,0) -> 10 - LATERAIS TRASEIRAS | E32: 9 - TAMPA TRASEIRA | G32: 0.66666667 | J32: 0.16666667 | K32: 0.33333333 | L32: 1.6666667 | O32: 0 | P32: 2.8333333
A33: x | B33: 11 - OMBREIRA | C33: =GETPIVOTDATA("Média de % Conclusão",'PRG02'!$A$3,"TAREFA","11 - OMBREIRA") -> 0 | D33: =IF(A33="x",B33,0) -> 11 - OMBREIRA | E33: 10 - LATERAIS TRASEIRAS | G33: 1 | J33: 0.25 | K33: 0.66666667 | L33: 3.1666667 | O33: 0 | P33: 5.0833333
B34: 12 - FORROS DE PORTAS | C34: =GETPIVOTDATA("Média de % Conclusão",'PRG02'!$A$3,"TAREFA","12 - FORROS DE PORTAS") -> 0 | D34: =IF(A34="x",B34,0) -> 0 | E34: 11 - OMBREIRA | G34: 0.91666667 | H34: 1.5 | J34: 0.16666667 | M34: 2.3333333 | O34: 0 | P34: 4.9166667
B35: 13 - ACABAMENTOS | C35: =GETPIVOTDATA("Média de % Conclusão",'PRG02'!$A$3,"TAREFA","13 - ACABAMENTOS") -> 0 | D35: =IF(A35="x",B35,0) -> 0 | E35: 15 - BANCOS DIANTEIROS | I35: 4.5 | J35: 1.5 | K35: 6.6666667 | L35: 2.5833333 | N35: 1 | O35: 0 | P35: 16.25
B36: 14 - BANCOS TRASEIROS | C36: =GETPIVOTDATA("Média de % Conclusão",'PRG02'!$A$3,"TAREFA","14 - BANCOS TRASEIROS") -> 0 | D36: =IF(A36="x",B36,0) -> 0 | E36: 16 - VOLANTE | I36: 1.5 | J36: 1.8333333 | L36: 0.5 | M36: 0.33333333 | O36: 0 | P36: 4.1666667
A37: x | B37: 15 - BANCOS DIANTEIROS | C37: =GETPIVOTDATA("Média de % Conclusão",'PRG02'!$A$3,"TAREFA","15 - BANCOS DIANTEIROS") -> 0 | D37: =IF(A37="x",B37,0) -> 15 - BANCOS DIANTEIROS | E37: Total Geral | F37: 0.25 | G37: 4.5833333 | H37: 6.4166667 | I37: 6 | J37: 5.4166667 | K37: 8.5 | L37: 13.333333 | M37: 11.916667 | N37: 1 | O37: 0 | P37: 57.416667
A38: x | B38: 16 - VOLANTE | C38: =GETPIVOTDATA("Média de % Conclusão",'PRG02'!$A$3,"TAREFA","16 - VOLANTE") -> 0 | D38: =IF(A38="x",B38,0) -> 16 - VOLANTE
B39: 17 - TAMPÃO | C39: =GETPIVOTDATA("Média de % Conclusão",'PRG02'!$A$3,"TAREFA","17 - TAMPÃO") -> 0 | D39: =IF(A39="x",B39,0) -> 0
B40: 18 - MONTAGEM VEÍCULO | C40: =GETPIVOTDATA("Média de % Conclusão",'PRG02'!$A$3,"TAREFA","18 - MONTAGEM VEÍCULO") -> 0 | D40: =IF(A40="x",B40,0) -> 0
B41: 19 - LIMPEZA FINAL | C41: =GETPIVOTDATA("Média de % Conclusão",'PRG02'!$A$3,"TAREFA","19 - LIMPEZA FINAL") -> 0 | D41: =IF(A41="x",B41,0) -> 0
B42: 20 - INPEÇÃO DE QUALIDADE | C42: =GETPIVOTDATA("Média de % Conclusão",'PRG02'!$A$3,"TAREFA","20 - INPEÇÃO DE QUALIDADE") -> 0 | D42: =IF(A42="x",B42,0) -> 0
E50: Colaborador | F50: Hora Prevista | G50: Hora Real | H50: Eficiência
E51: Gabriel | F51: 7.5 | G51: 0 | H51: 0
E52: Brea | F52: 0.33333333 | G52: 0.25 | H52: 0.75
E53: Arthur | F53: 14.833333 | G53: 0 | H53: 0
E54: Edna | F54: 7 | G54: 0 | H54: 0
E55: Rita | F55: 7.3333333 | G55: 1.5 | H55: 0.20454545
E56: Lohan | F56: 13.583333 | G56: 0.83333333 | H56: 0.061349693
E57: Nikolas | F57: 14.416667 | G57: 7.4166667 | H57: 0.51445087
E58: Kadu | F58: 12.833333 | G58: 0.91666667 | H58: 0.071428571
E59: Paulique | F59: 1 | G59: 0 | H59: 0
E60: Rapucci | F60: 0.25 | G60: 0 | H60: 0
E61: #N/D | F61: 0 | G61: 0 | H61: #DIV/0!
E62: Total Geral | F62: 79.083333 | G62: 10.916667 | H62: 0.13804004

Sheet ATIVIDADES E APONTAMENTOS
A1: AUXILIAR | B1: TAREFA | C1: SETOR | D1: ATIVIDADE | E1: ATRIBUÍDO PARA | F1: Tempo Previsto (min) | G1: Tempo Real (min | H1: % Conclusão
A2: =B2&COUNTIF($B$2:B2,B2) -> 1 - RETIRADA DE PEÇAS DO VEÍCULO/BALCÃO1 | B2: 1 - RETIRADA DE PEÇAS DO VEÍCULO/BALCÃO | C2: DESMONTAGEM | D2: Verificar se não tem nenhuma peça quebrada ou faltante, riscos externos e internos (Checklist durante desmontagem (Foto/Filmagem) | E2: Kadu | F2: 15 | G2: 15 | H2: 1
A3: =B3&COUNTIF($B$2:B3,B3) -> 1 - RETIRADA DE PEÇAS DO VEÍCULO/BALCÃO2 | B3: 1 - RETIRADA DE PEÇAS DO VEÍCULO/BALCÃO | C3: DESMONTAGEM | D3: Retirada do volante (se necessário) | E3: Kadu | F3: 20 | G3: 20 | H3: 1
A4: =B4&COUNTIF($B$2:B4,B4) -> 1 - RETIRADA DE PEÇAS DO VEÍCULO/BALCÃO3 | B4: 1 - RETIRADA DE PEÇAS DO VEÍCULO/BALCÃO | C4: DESMONTAGEM | D4: Retirar bancos D/T | E4: Kadu | F4: 10 | G4: 20 | H4: 1
A5: =B5&COUNTIF($B$2:B5,B5) -> 1 - RETIRADA DE PEÇAS DO VEÍCULO/BALCÃO4 | B5: 1 - RETIRADA DE PEÇAS DO VEÍCULO/BALCÃO | C5: DESMONTAGEM | D5: Retirar Laterais D/T + Ombreiras | E5: Brea | F5: 15 | G5: 15 | H5: 1
A6: =B6&COUNTIF($B$2:B6,B6) -> 1 - RETIRADA DE PEÇAS DO VEÍCULO/BALCÃO5 | B6: 1 - RETIRADA DE PEÇAS DO VEÍCULO/BALCÃO | C6: DESMONTAGEM | D6: Retirar console + carpete do assoalho | E6: =VLOOKUP(C6,Colaboradores!$E$2:$G$33,2,FALSE) -> Nikolas | F6: 40 | G6: 40 | H6: 1
A7: =B7&COUNTIF($B$2:B7,B7) -> 1 - RETIRADA DE PEÇAS DO VEÍCULO/BALCÃO6 | B7: 1 - RETIRADA DE PEÇAS DO VEÍCULO/BALCÃO | C7: DESMONTAGEM | D7: Retirada da lateral do porta-malas | E7: =VLOOKUP(C7,Colaboradores!$E$2:$G$33,2,FALSE) -> Nikolas | F7: 15 | G7: 15 | H7: 0.1
A8: =B8&COUNTIF($B$2:B8,B8) -> 1 - RETIRADA DE PEÇAS DO VEÍCULO/BALCÃO7 | B8: 1 - RETIRADA DE PEÇAS DO VEÍCULO/BALCÃO | C8: DESMONTAGEM | D8: Retirada do carpete da caixa de rodas +chão do porta-malas e prateleiras do tampão. | E8: =VLOOKUP(C8,Colaboradores!$E$2:$G$33,2,FALSE) -> Nikolas | F8: 30 | G8: 330 | H8: 1
A9: =B9&COUNTIF($B$2:B9,B9) -> 1 - RETIRADA DE PEÇAS DO VEÍCULO/BALCÃO8 | B9: 1 - RETIRADA DE PEÇAS DO VEÍCULO/BALCÃO | C9: DESMONTAGEM | D9: Retirada do teto + acessórios e colunas. | E9: =VLOOKUP(C9,Colaboradores!$E$2:$G$33,2,FALSE) -> Nikolas | F9: 60 | G9: 60 | H9: 1
A10: =B10&COUNTIF($B$2:B10,B10) -> 1 - RETIRADA DE PEÇAS DO VEÍCULO/BALCÃO9 | B10: 1 - RETIRADA DE PEÇAS DO VEÍCULO/BALCÃO | E10: =VLOOKUP(C10,Colaboradores!$E$2:$G$33,2,FALSE) -> #N/A
A11: =B11&COUNTIF($B$2:B11,B11) -> 1 - RETIRADA DE PEÇAS DO VEÍCULO/BALCÃO10 | B11: 1 - RETIRADA DE PEÇAS DO VEÍCULO/BALCÃO | E11: =VLOOKUP(C11,Colaboradores!$E$2:$G$33,2,FALSE) -> #N/A
A12: =B12&COUNTIF($B$2:B12,B12) -> 1 - RETIRADA DE PEÇAS DO VEÍCULO/BALCÃO11 | B12: 1 - RETIRADA DE PEÇAS DO VEÍCULO/BALCÃO | E12: =VLOOKUP(C12,Colaboradores!$E$2:$G$33,2,FALSE) -> #N/A
A13: =B13&COUNTIF($B$2:B13,B13) -> 1 - RETIRADA DE PEÇAS DO VEÍCULO/BALCÃO12 | B13: 1 - RETIRADA DE PEÇAS DO VEÍCULO/BALCÃO | E13: =VLOOKUP(C13,Colaboradores!$E$2:$G$33,2,FALSE) -> #N/A
A14: =B14&COUNTIF($B$2:B14,B14) -> 1 - RETIRADA DE PEÇAS DO VEÍCULO/BALCÃO13 | B14: 1 - RETIRADA DE PEÇAS DO VEÍCULO/BALCÃO | E14: =VLOOKUP(C14,Colaboradores!$E$2:$G$33,2,FALSE) -> #N/A
A15: =B15&COUNTIF($B$2:B15,B15) -> 1 - RETIRADA DE PEÇAS DO VEÍCULO/BALCÃO14 | B15: 1 - RETIRADA DE PEÇAS DO VEÍCULO/BALCÃO | E15: =VLOOKUP(C15,Colaboradores!$E$2:$G$33,2,FALSE) -> #N/A
A16: =B16&COUNTIF($B$2:B16,B16) -> 2 - LIMPEZA INICIAL1 | B16: 2 - LIMPEZA INICIAL | C16: PREPARAÇÃO | D16: Aspiração detalhada | E16: Lohan | F16: 25 | G16: 50 | H16: 1
A17: =B17&COUNTIF($B$2:B17,B17) -> 2 - LIMPEZA INICIAL2 | B17: 2 - LIMPEZA INICIAL | E17: =VLOOKUP(C17,Colaboradores!$E$2:$G$33,2,FALSE) -> #N/A
A18: =B18&COUNTIF($B$2:B18,B18) -> 2 - LIMPEZA INICIAL3 | B18: 2 - LIMPEZA INICIAL | E18: =VLOOKUP(C18,Colaboradores!$E$2:$G$33,2,FALSE) -> #N/A
A19: =B19&COUNTIF($B$2:B19,B19) -> 2 - LIMPEZA INICIAL4 | B19: 2 - LIMPEZA INICIAL | E19: =VLOOKUP(C19,Colaboradores!$E$2:$G$33,2,FALSE) -> #N/A
A20: =B20&COUNTIF($B$2:B20,B20) -> 2 - LIMPEZA INICIAL5 | B20: 2 - LIMPEZA INICIAL | E20: =VLOOKUP(C20,Colaboradores!$E$2:$G$33,2,FALSE) -> #N/A
A21: =B21&COUNTIF($B$2:B21,B21) -> 2 - LIMPEZA INICIAL6 | B21: 2 - LIMPEZA INICIAL | E21: =VLOOKUP(C21,Colaboradores!$E$2:$G$33,2,FALSE) -> #N/A
A22: =B22&COUNTIF($B$2:B22,B22) -> 2 - LIMPEZA INICIAL7 | B22: 2 - LIMPEZA INICIAL | E22: =VLOOKUP(C22,Colaboradores!$E$2:$G$33,2,FALSE) -> #N/A
A23: =B23&COUNTIF($B$2:B23,B23) -> 2 - LIMPEZA INICIAL8 | B23: 2 - LIMPEZA INICIAL | E23: =VLOOKUP(C23,Colaboradores!$E$2:$G$33,2,FALSE) -> #N/A
A24: =B24&COUNTIF($B$2:B24,B24) -> 3 - ISOLANTE OU FELTRO1 | B24: 3 - ISOLANTE OU FELTRO | C24: CORTE | D24: Cortar Feltro seguindo molde assoalho | E24: =VLOOKUP(C24,Colaboradores!$E$2:$G$33,2,FALSE) -> Rita | F24: 45 | G24: 90 | H24: 0
A25: =B25&COUNTIF($B$2:B25,B25) -> 3 - ISOLANTE OU FELTRO2 | B25: 3 - ISOLANTE OU FELTRO | C25: APLICAÇÃO COLA | D25: Aplicar cola no feltro | E25: =VLOOKUP(C25,Colaboradores!$E$2:$G$33,2,FALSE) -> Lohan | F25: 20 | H25: 0
A26: =B26&COUNTIF($B$2:B26,B26) -> 3 - ISOLANTE OU FELTRO3 | B26: 3 - ISOLANTE OU FELTRO | C26: PREPARAÇÃO | D26: Colagem do feltro no assoalho | E26: Lohan | F26: 40 | H26: 0
A27: =B27&COUNTIF($B$2:B27,B27) -> 3 - ISOLANTE OU FELTRO4 | B27: 3 - ISOLANTE OU FELTRO | C27: PREPARAÇÃO | D27: Aplicar feltro no teto | E27: Lohan | F27: 60 | H27: 0
A28: =B28&COUNTIF($B$2:B28,B28) -> 3 - ISOLANTE OU FELTRO5 | B28: 3 - ISOLANTE OU FELTRO | C28: PREPARAÇÃO | D28: Aplicar isolante no assoalho | E28: Lohan | F28: 90 | H28: 0
A29: =B29&COUNTIF($B$2:B29,B29) -> 3 - ISOLANTE OU FELTRO6 | B29: 3 - ISOLANTE OU FELTRO | C29: PREPARAÇÃO | D29: Aplicar isolante no teto | E29: Lohan | F29: 90 | H29: 0
A30: =B30&COUNTIF($B$2:B30,B30) -> 3 - ISOLANTE OU FELTRO7 | B30: 3 - ISOLANTE OU FELTRO | E30: =VLOOKUP(C30,Colaboradores!$E$2:$G$33,2,FALSE) -> #N/A
A31: =B31&COUNTIF($B$2:B31,B31) -> 3 - ISOLANTE OU FELTRO8 | B31: 3 - ISOLANTE OU FELTRO | E31: =VLOOKUP(C31,Colaboradores!$E$2:$G$33,2,FALSE) -> #N/A
A32: =B32&COUNTIF($B$2:B32,B32) -> 3 - ISOLANTE OU FELTRO9 | B32: 3 - ISOLANTE OU FELTRO | E32: =VLOOKUP(C32,Colaboradores!$E$2:$G$33,2,FALSE) -> #N/A
A33: =B33&COUNTIF($B$2:B33,B33) -> 3 - ISOLANTE OU FELTRO10 | B33: 3 - ISOLANTE OU FELTRO | E33: =VLOOKUP(C33,Colaboradores!$E$2:$G$33,2,FALSE) -> #N/A
A34: =B34&COUNTIF($B$2:B34,B34) -> 3 - ISOLANTE OU FELTRO11 | B34: 3 - ISOLANTE OU FELTRO | E34: =VLOOKUP(C34,Colaboradores!$E$2:$G$33,2,FALSE) -> #N/A
A35: =B35&COUNTIF($B$2:B35,B35) -> 3 - ISOLANTE OU FELTRO12 | B35: 3 - ISOLANTE OU FELTRO | E35: =VLOOKUP(C35,Colaboradores!$E$2:$G$33,2,FALSE) -> #N/A
A36: =B36&COUNTIF($B$2:B36,B36) -> 3 - ISOLANTE OU FELTRO13 | B36: 3 - ISOLANTE OU FELTRO | E36: =VLOOKUP(C36,Colaboradores!$E$2:$G$33,2,FALSE) -> #N/A
A37: =B37&COUNTIF($B$2:B37,B37) -> 4 - TETO1 | B37: 4 - TETO | C37: DESMONTAGEM | D37: Desmontar teto e colunas | E37: Nikolas | F37: 80 | H37: 0
A38: =B38&COUNTIF($B$2:B38,B38) -> 4 - TETO2 | B38: 4 - TETO | C38: PREPARAÇÃO | D38: Remoção tecido antigo e limpeza | E38: Nikolas | F38: 240 | H38: 0
A39: =B39&COUNTIF($B$2:B39,B39) -> 4 - TETO3 | B39: 4 - TETO | C39: PREPARAÇÃO | D39: Limpeza das colunas originais | E39: Nikolas | F39: 60 | H39: 0
A40: =B40&COUNTIF($B$2:B40,B40) -> 4 - TETO4 | B40: 4 - TETO | C40: CORTE | D40: Corte do novo tecido | E40: =VLOOKUP(C40,Colaboradores!$E$2:$G$33,2,FALSE) -> Rita | F40: 15 | H40: 0
A41: =B41&COUNTIF($B$2:B41,B41) -> 4 - TETO5 | B41: 4 - TETO | C41: APLICAÇÃO COLA | D41: Aplicação cola no teto e no tecido | E41: Nikolas | F41: 30 | H41: 0
A42: =B42&COUNTIF($B$2:B42,B42) -> 4 - TETO6 | B42: 4 - TETO | C42: COLAGEM | D42: Revestir o teto com tecido novo | E42: =VLOOKUP(C42,Colaboradores!$E$2:$G$33,2,FALSE) -> Gabriel | F42: 80 | H42: 0
A43: =B43&COUNTIF($B$2:B43,B43) -> 4 - TETO7 | B43: 4 - TETO | C43: MONTAGEM | D43: Montar teto e colunas | E43: =VLOOKUP(C43,Colaboradores!$E$2:$G$33,2,FALSE) -> Arthur | F43: 80 | H43: 0
A44: =B44&COUNTIF($B$2:B44,B44) -> 4 - TETO8 | B44: 4 - TETO | E44: =VLOOKUP(C44,Colaboradores!$E$2:$G$33,2,FALSE) -> #N/A
A45: =B45&COUNTIF($B$2:B45,B45) -> 4 - TETO9 | B45: 4 - TETO | E45: =VLOOKUP(C45,Colaboradores!$E$2:$G$33,2,FALSE) -> #N/A
A46: =B46&COUNTIF($B$2:B46,B46) -> 4 - TETO10 | B46: 4 - TETO | E46: =VLOOKUP(C46,Colaboradores!$E$2:$G$33,2,FALSE) -> #N/A
A47: =B47&COUNTIF($B$2:B47,B47) -> 4 - TETO11 | B47: 4 - TETO | E47: =VLOOKUP(C47,Colaboradores!$E$2:$G$33,2,FALSE) -> #N/A
A48: =B48&COUNTIF($B$2:B48,B48) -> 4 - TETO12 | B48: 4 - TETO | E48: =VLOOKUP(C48,Colaboradores!$E$2:$G$33,2,FALSE) -> #N/A
A49: =B49&COUNTIF($B$2:B49,B49) -> 4 - TETO13 | B49: 4 - TETO | E49: =VLOOKUP(C49,Colaboradores!$E$2:$G$33,2,FALSE) -> #N/A
A50: =B50&COUNTIF($B$2:B50,B50) -> 5 - CINTOS1 | B50: 5 - CINTOS | C50: MONTAGEM | D50: Instalaçao cinto de 3 pontos retrateis - novos BRV | E50: =VLOOKUP(C50,Colaboradores!$E$2:$G$33,2,FALSE) -> Arthur | F50: 10 | H50: 0
A51: =B51&COUNTIF($B$2:B51,B51) -> 5 - CINTOS2 | B51: 5 - CINTOS | C51: MONTAGEM | D51: Instalação de cintos abdominais traseiros 3 pçs - BRV | E51: =VLOOKUP(C51,Colaboradores!$E$2:$G$33,2,FALSE) -> Arthur | F51: 15 | H51: 0
A52: =B52&COUNTIF($B$2:B52,B52) -> 5 - CINTOS3 | B52: 5 - CINTOS | E52: =VLOOKUP(C52,Colaboradores!$E$2:$G$33,2,FALSE) -> #N/A
A53: =B53&COUNTIF($B$2:B53,B53) -> 5 - CINTOS4 | B53: 5 - CINTOS | E53: =VLOOKUP(C53,Colaboradores!$E$2:$G$33,2,FALSE) -> #N/A
A54: =B54&COUNTIF($B$2:B54,B54) -> 5 - CINTOS5 | B54: 5 - CINTOS | E54: =VLOOKUP(C54,Colaboradores!$E$2:$G$33,2,FALSE) -> #N/A
A55: =B55&COUNTIF($B$2:B55,B55) -> 5 - CINTOS6 | B55: 5 - CINTOS | E55: =VLOOKUP(C55,Colaboradores!$E$2:$G$33,2,FALSE) -> #N/A
A56: =B56&COUNTIF($B$2:B56,B56) -> 5 - CINTOS7 | B56: 5 - CINTOS | E56: =VLOOKUP(C56,Colaboradores!$E$2:$G$33,2,FALSE) -> #N/A
A57: =B57&COUNTIF($B$2:B57,B57) -> 5 - CINTOS8 | B57: 5 - CINTOS | E57: =VLOOKUP(C57,Colaboradores!$E$2:$G$33,2,FALSE) -> #N/A
A58: =B58&COUNTIF($B$2:B58,B58) -> 6 - CARPETE / ASSOALHO ( NOVO ? / MOLDADO ? / PORSCHE ?)1 | B58: 6 - CARPETE / ASSOALHO ( NOVO ? / MOLDADO ? / PORSCHE ?) | C58: PREPARAÇÃO | E58: Lohan
A59: =B59&COUNTIF($B$2:B59,B59) -> 6 - CARPETE / ASSOALHO ( NOVO ? / MOLDADO ? / PORSCHE ?)2 | B59: 6 - CARPETE / ASSOALHO ( NOVO ? / MOLDADO ? / PORSCHE ?) | C59: PREPARAÇÃO | E59: Lohan
A60: =B60&COUNTIF($B$2:B60,B60) -> 6 - CARPETE / ASSOALHO ( NOVO ? / MOLDADO ? / PORSCHE ?)3 | B60: 6 - CARPETE / ASSOALHO ( NOVO ? / MOLDADO ? / PORSCHE ?) | C60: COSTURA | E60: =VLOOKUP(C60,Colaboradores!$E$2:$G$33,2,FALSE) -> Edna
A61: =B61&COUNTIF($B$2:B61,B61) -> 6 - CARPETE / ASSOALHO ( NOVO ? / MOLDADO ? / PORSCHE ?)4 | B61: 6 - CARPETE / ASSOALHO ( NOVO ? / MOLDADO ? / PORSCHE ?) | C61: MONTAGEM | D61: Instalação Carpete no Assoalho | E61: =VLOOKUP(C61,Colaboradores!$E$2:$G$33,2,FALSE) -> Arthur | F61: 60 | H61: 0
A62: =B62&COUNTIF($B$2:B62,B62) -> 6 - CARPETE / ASSOALHO ( NOVO ? / MOLDADO ? / PORSCHE ?)5 | B62: 6 - CARPETE / ASSOALHO ( NOVO ? / MOLDADO ? / PORSCHE ?) | E62: =VLOOKUP(C62,Colaboradores!$E$2:$G$33,2,FALSE) -> #N/A
A63: =B63&COUNTIF($B$2:B63,B63) -> 6 - CARPETE / ASSOALHO ( NOVO ? / MOLDADO ? / PORSCHE ?)6 | B63: 6 - CARPETE / ASSOALHO ( NOVO ? / MOLDADO ? / PORSCHE ?) | E63: =VLOOKUP(C63,Colaboradores!$E$2:$G$33,2,FALSE) -> #N/A
A64: =B64&COUNTIF($B$2:B64,B64) -> 6 - CARPETE / ASSOALHO ( NOVO ? / MOLDADO ? / PORSCHE ?)7 | B64: 6 - CARPETE / ASSOALHO ( NOVO ? / MOLDADO ? / PORSCHE ?) | E64: =VLOOKUP(C64,Colaboradores!$E$2:$G$33,2,FALSE) -> #N/A
A65: =B65&COUNTIF($B$2:B65,B65) -> 6 - CARPETE / ASSOALHO ( NOVO ? / MOLDADO ? / PORSCHE ?)8 | B65: 6 - CARPETE / ASSOALHO ( NOVO ? / MOLDADO ? / PORSCHE ?) | E65: =VLOOKUP(C65,Colaboradores!$E$2:$G$33,2,FALSE) -> #N/A
A66: =B66&COUNTIF($B$2:B66,B66) -> 6 - CARPETE / ASSOALHO ( NOVO ? / MOLDADO ? / PORSCHE ?)9 | B66: 6 - CARPETE / ASSOALHO ( NOVO ? / MOLDADO ? / PORSCHE ?) | E66: =VLOOKUP(C66,Colaboradores!$E$2:$G$33,2,FALSE) -> #N/A
A67: =B67&COUNTIF($B$2:B67,B67) -> 7 - CONSOLE CENTRAL + PEÇAS1 | B67: 7 - CONSOLE CENTRAL + PEÇAS | C67: MONTAGEM | D67: instalação de console + prolongador | E67: =VLOOKUP(C67,Colaboradores!$E$2:$G$33,2,FALSE) -> Arthur | F67: 10 | H67: 0
A68: =B68&COUNTIF($B$2:B68,B68) -> 7 - CONSOLE CENTRAL + PEÇAS2 | B68: 7 - CONSOLE CENTRAL + PEÇAS | C68: MONTAGEM | D68: instalação do acabamento do freio de mão | E68: =VLOOKUP(C68,Colaboradores!$E$2:$G$33,2,FALSE) -> Arthur
A69: =B69&COUNTIF($B$2:B69,B69) -> 7 - CONSOLE CENTRAL + PEÇAS3 | B69: 7 - CONSOLE CENTRAL + PEÇAS | C69: MONTAGEM | D69: instalação na manopla de cambio BRV | E69: =VLOOKUP(C69,Colaboradores!$E$2:$G$33,2,FALSE) -> Arthur | F69: 10 | H69: 0
A70: =B70&COUNTIF($B$2:B70,B70) -> 7 - CONSOLE CENTRAL + PEÇAS4 | B70: 7 - CONSOLE CENTRAL + PEÇAS | E70: =VLOOKUP(C70,Colaboradores!$E$2:$G$33,2,FALSE) -> #N/A
A71: =B71&COUNTIF($B$2:B71,B71) -> 7 - CONSOLE CENTRAL + PEÇAS5 | B71: 7 - CONSOLE CENTRAL + PEÇAS | E71: =VLOOKUP(C71,Colaboradores!$E$2:$G$33,2,FALSE) -> #N/A
A72: =B72&COUNTIF($B$2:B72,B72) -> 7 - CONSOLE CENTRAL + PEÇAS6 | B72: 7 - CONSOLE CENTRAL + PEÇAS | E72: =VLOOKUP(C72,Colaboradores!$E$2:$G$33,2,FALSE) -> #N/A
A73: =B73&COUNTIF($B$2:B73,B73) -> 7 - CONSOLE CENTRAL + PEÇAS7 | B73: 7 - CONSOLE CENTRAL + PEÇAS | E73: =VLOOKUP(C73,Colaboradores!$E$2:$G$33,2,FALSE) -> #N/A
A74: =B74&COUNTIF($B$2:B74,B74) -> 7 - CONSOLE CENTRAL + PEÇAS8 | B74: 7 - CONSOLE CENTRAL + PEÇAS | E74: =VLOOKUP(C74,Colaboradores!$E$2:$G$33,2,FALSE) -> #N/A
A75: =B75&COUNTIF($B$2:B75,B75) -> 7 - CONSOLE CENTRAL + PEÇAS9 | B75: 7 - CONSOLE CENTRAL + PEÇAS | E75: =VLOOKUP(C75,Colaboradores!$E$2:$G$33,2,FALSE) -> #N/A
A76: =B76&COUNTIF($B$2:B76,B76) -> 8 - PORTA MALAS1 | B76: 8 - PORTA MALAS | C76: CORTE | D76: Cortar carpete do fundo do porta malas | E76: =VLOOKUP(C76,Colaboradores!$E$2:$G$33,2,FALSE) -> Rita | F76: 20 | H76: 0
A77: =B77&COUNTIF($B$2:B77,B77) -> 8 - PORTA MALAS2 | B77: 8 - PORTA MALAS | C77: CORTE | D77: Cortar carpete da caixa de roda | E77: =VLOOKUP(C77,Colaboradores!$E$2:$G$33,2,FALSE) -> Rita | F77: 10 | H77: 0
A78: =B78&COUNTIF($B$2:B78,B78) -> 8 - PORTA MALAS3 | B78: 8 - PORTA MALAS | C78: COLAGEM | D78: Aplicar cola para adesão no assoalho do porta malas e caixas de rodas e lateral do tampão | E78: =VLOOKUP(C78,Colaboradores!$E$2:$G$33,2,FALSE) -> Gabriel | F78: 30 | H78: 0
A79: =B79&COUNTIF($B$2:B79,B79) -> 8 - PORTA MALAS4 | B79: 8 - PORTA MALAS | C79: COLAGEM | D79: Colar carpete da lateral do tampao | E79: =VLOOKUP(C79,Colaboradores!$E$2:$G$33,2,FALSE) -> Gabriel | F79: 10 | H79: 0
A80: =B80&COUNTIF($B$2:B80,B80) -> 8 - PORTA MALAS5 | B80: 8 - PORTA MALAS | C80: MODELAGEM | D80: Modelar carpete nas caixas de rodas | E80: =VLOOKUP(C80,Colaboradores!$E$2:$G$33,2,FALSE) -> Arthur | F80: 50 | H80: 0
A81: =B81&COUNTIF($B$2:B81,B81) -> 8 - PORTA MALAS6 | B81: 8 - PORTA MALAS | C81: MODELAGEM | D81: Modelar carpete do fundo do porta malas | E81: =VLOOKUP(C81,Colaboradores!$E$2:$G$33,2,FALSE) -> Arthur | F81: 50 | H81: 0
A82: =B82&COUNTIF($B$2:B82,B82) -> 8 - PORTA MALAS7 | B82: 8 - PORTA MALAS | C82: PRÉ-MONTAGEM | D82: Instalar kit de lateral do porta malas BRV | E82: =VLOOKUP(C82,Colaboradores!$E$2:$G$33,2,FALSE) -> Kadu | F82: 5 | H82: 0
A83: =B83&COUNTIF($B$2:B83,B83) -> 8 - PORTA MALAS8 | B83: 8 - PORTA MALAS | C83: MODELAGEM | D83: Instatalação da capa de macaco e triângulo (cor) | E83: =VLOOKUP(C83,Colaboradores!$E$2:$G$33,2,FALSE) -> Arthur | F83: 5 | H83: 0
A84: =B84&COUNTIF($B$2:B84,B84) -> 8 - PORTA MALAS9 | B84: 8 - PORTA MALAS | C84: MODELAGEM | D84: insalação da capa de estepe (cor?) | E84: =VLOOKUP(C84,Colaboradores!$E$2:$G$33,2,FALSE) -> Arthur | F84: 5 | H84: 0
A85: =B85&COUNTIF($B$2:B85,B85) -> 8 - PORTA MALAS10 | B85: 8 - PORTA MALAS | E85: =VLOOKUP(C85,Colaboradores!$E$2:$G$33,2,FALSE) -> #N/A
A86: =B86&COUNTIF($B$2:B86,B86) -> 8 - PORTA MALAS11 | B86: 8 - PORTA MALAS | E86: =VLOOKUP(C86,Colaboradores!$E$2:$G$33,2,FALSE) -> #N/A
A87: =B87&COUNTIF($B$2:B87,B87) -> 8 - PORTA MALAS12 | B87: 8 - PORTA MALAS | E87: =VLOOKUP(C87,Colaboradores!$E$2:$G$33,2,FALSE) -> #N/A
A88: =B88&COUNTIF($B$2:B88,B88) -> 8 - PORTA MALAS13 | B88: 8 - PORTA MALAS | E88: =VLOOKUP(C88,Colaboradores!$E$2:$G$33,2,FALSE) -> #N/A
A89: =B89&COUNTIF($B$2:B89,B89) -> 8 - PORTA MALAS14 | B89: 8 - PORTA MALAS | E89: =VLOOKUP(C89,Colaboradores!$E$2:$G$33,2,FALSE) -> #N/A
A90: =B90&COUNTIF($B$2:B90,B90) -> 8 - PORTA MALAS15 | B90: 8 - PORTA MALAS | E90: =VLOOKUP(C90,Colaboradores!$E$2:$G$33,2,FALSE) -> #N/A
A91: =B91&COUNTIF($B$2:B91,B91) -> 9 - TAMPA TRASEIRA1 | B91: 9 - TAMPA TRASEIRA | C91: DESMONTAGEM | D91: Desmontar peça para preparação | E91: Lohan | F91: 10 | H91: 0
A92: =B92&COUNTIF($B$2:B92,B92) -> 9 - TAMPA TRASEIRA2 | B92: 9 - TAMPA TRASEIRA | C92: PREPARAÇÃO | D92: Raspar/Lixar | E92: Lohan | F92: 60 | H92: 0
A93: =B93&COUNTIF($B$2:B93,B93) -> 9 - TAMPA TRASEIRA3 | B93: 9 - TAMPA TRASEIRA | C93: PREPARAÇÃO | D93: Limpar e inspecionar | E93: Lohan | F93: 15 | H93: 0
A94: =B94&COUNTIF($B$2:B94,B94) -> 9 - TAMPA TRASEIRA4 | B94: 9 - TAMPA TRASEIRA | C94: CORTE | D94: Cortar corvin | E94: =VLOOKUP(C94,Colaboradores!$E$2:$G$33,2,FALSE) -> Rita | F94: 10 | H94: 0
A95: =B95&COUNTIF($B$2:B95,B95) -> 9 - TAMPA TRASEIRA5 | B95: 9 - TAMPA TRASEIRA | C95: APLICAÇÃO COLA | D95: Aplicar cola | E95: =VLOOKUP(C95,Colaboradores!$E$2:$G$33,2,FALSE) -> Lohan | F95: 15 | H95: 0
A96: =B96&COUNTIF($B$2:B96,B96) -> 9 - TAMPA TRASEIRA6 | B96: 9 - TAMPA TRASEIRA | C96: COLAGEM | D96: Colar peça | E96: =VLOOKUP(C96,Colaboradores!$E$2:$G$33,2,FALSE) -> Gabriel | F96: 40 | H96: 0
A97: =B97&COUNTIF($B$2:B97,B97) -> 9 - TAMPA TRASEIRA7 | B97: 9 - TAMPA TRASEIRA | C97: PRÉ-MONTAGEM | D97: Finalizar com dobra e aplicação de grampo | E97: =VLOOKUP(C97,Colaboradores!$E$2:$G$33,2,FALSE) -> Kadu | F97: 20 | H97: 0
A98: =B98&COUNTIF($B$2:B98,B98) -> 9 - TAMPA TRASEIRA8 | B98: 9 - TAMPA TRASEIRA | E98: =VLOOKUP(C98,Colaboradores!$E$2:$G$33,2,FALSE) -> #N/A
A99: =B99&COUNTIF($B$2:B99,B99) -> 9 - TAMPA TRASEIRA9 | B99: 9 - TAMPA TRASEIRA | E99: =VLOOKUP(C99,Colaboradores!$E$2:$G$33,2,FALSE) -> #N/A
A100: =B100&COUNTIF($B$2:B100,B100) -> 9 - TAMPA TRASEIRA10 | B100: 9 - TAMPA TRASEIRA | E100: =VLOOKUP(C100,Colaboradores!$E$2:$G$33,2,FALSE) -> #N/A
...

Sheet Colaboradores
A1: Colaboradores | C1: x | E1: Setor | F1: Colaborador Dedicado | G1: Colaboradores Primários para Execução
A2: Kadu | E2: APLICAÇÃO COLA | F2: Lohan | G2: Lohan/Kadu/Nikolas
A3: Edna | E3: APLICAÇÃO COLA | F3: Kadu | G3: Lohan/Kadu/Nikolas
A4: Gabriel | E4: APLICAÇÃO COLA | F4: Nikolas | G4: Lohan/Kadu/Nikolas
A5: Lohan | E5: COLAGEM | F5: Gabriel | G5: Gabriel
A6: Arthur | E6: CORTE | F6: Rita | G6: Lohan/Kadu/Nikolas
A7: Nikolas | E7: COSTURA | F7: Edna | G7: Edna
A8: Brea | E8: DESMONTAGEM | F8: Nikolas | G8: Lohan/Kadu/Nikolas
A9: Paulique | E9: DESMONTAGEM | F9: Lohan | G9: Lohan/Kadu/Nikolas
A10: Rita | E10: DESMONTAGEM | F10: Kadu | G10: Lohan/Kadu/Nikolas
A11: Marcio | E11: ESPUMA | F11: Kadu | G11: Lohan/Kadu/Nikolas/Arthur
A12: Rapucci | E12: ESPUMA | F12: Lohan | G12: Lohan/Kadu/Nikolas/Arthur
E13: ESPUMA | F13: Arthur | G13: Lohan/Kadu/Nikolas/Arthur
E14: ESPUMA | F14: Nikolas | G14: Lohan/Kadu/Nikolas/Arthur
E15: FINALIZAÇÃO | F15: Arthur | G15: Arthur/Gabriel
E16: FINALIZAÇÃO | F16: Gabriel | G16: Arthur/Gabriel
E17: LIMPEZA | F17: Nikolas | G17: Lohan/Kadu/Nikolas
E18: LIMPEZA | F18: Lohan | G18: Lohan/Kadu/Nikolas
E19: LIMPEZA | F19: Kadu | G19: Lohan/Kadu/Nikolas
E20: MODELAGEM | F20: Arthur | G20: Rita/Arthur
E21: MODELAGEM | F21: Rita | G21: Rita/Arthur
E22: MONTAGEM | F22: Arthur | G22: Arthur/Gabriel
E23: MONTAGEM | F23: Gabriel | G23: Arthur/Gabriel
E24: PINTURA | F24: Paulique | G24: Paulique
... E33: MARCENARIA | F33: Brea | G33: Brea

Sheet PRG01
G1: TAREFA | H1: SETOR | I1: ATIVIDADE | J1: ATRIBUÍDO PARA | K1: Minutos | L1: Horas
F2: 1 | G2: {=IFERROR(VLOOKUP(GERENCIAMENTO!$D$23&ROW(A1),'ATIVIDADES E APONTAMENTOS'!$A:$F,{2,3,4,5,6},0),"Não Executar")} -> 1 - RETIRADA DE PEÇAS DO VEÍCULO/BALCÃO | H2: DESMONTAGEM | I2: Verificar se não tem nenhuma peça quebrada ou faltante, riscos externos e internos (Checklist durante desmontagem (Foto/Filmagem) | J2: Kadu | K2: 15 | L2: =K2/60 -> 0.25
F3: 2 | G3: {=IFERROR(VLOOKUP(GERENCIAMENTO!$D$23&ROW(A2),'ATIVIDADES E APONTAMENTOS'!$A:$F,{2,3,4,5,6},0),"Não Executar")} -> 1 - RETIRADA DE PEÇAS DO VEÍCULO/BALCÃO | H3: DESMONTAGEM | I3: Retirada do volante (se necessário) | J3: Kadu | K3: 20 | L3: =K3/60 -> 0.33333333
F4: 3 | G4: {=IFERROR(VLOOKUP(GERENCIAMENTO!$D$23&ROW(A3),'ATIVIDADES E APONTAMENTOS'!$A:$F,{2,3,4,5,6},0),"Não Executar")} -> 1 - RETIRADA DE PEÇAS DO VEÍCULO/BALCÃO | H4: DESMONTAGEM | I4: Retirar bancos D/T | J4: Kadu | K4: 10 | L4: =K4/60 -> 0.16666667
F5: 4 | G5: {=IFERROR(VLOOKUP(GERENCIAMENTO!$D$23&ROW(A4),'ATIVIDADES E APONTAMENTOS'!$A:$F,{2,3,4,5,6},0),"Não Executar")} -> 1 - RETIRADA DE PEÇAS DO VEÍCULO/BALCÃO | H5: DESMONTAGEM | I5: Retirar Laterais D/T + Ombreiras | J5: Brea | K5: 15 | L5: =K5/60 -> 0.25
F6: 5 | G6: {=IFERROR(VLOOKUP(GERENCIAMENTO!$D$23&ROW(A5),'ATIVIDADES E APONTAMENTOS'!$A:$F,{2,3,4,5,6},0),"Não Executar")} -> 1 - RETIRADA DE PEÇAS DO VEÍCULO/BALCÃO | H6: DESMONTAGEM | I6: Retirar console + carpete do assoalho | J6: Nikolas | K6: 40 | L6: =K6/60 -> 0.66666667
F7: 6 | G7: {=IFERROR(VLOOKUP(GERENCIAMENTO!$D$23&ROW(A6),'ATIVIDADES E APONTAMENTOS'!$A:$F,{2,3,4,5,6},0),"Não Executar")} -> 1 - RETIRADA DE PEÇAS DO VEÍCULO/BALCÃO | H7: DESMONTAGEM | I7: Retirada da lateral do porta-malas | J7: Nikolas | K7: 15 | L7: =K7/60 -> 0.25
F8: 7 | G8: {=IFERROR(VLOOKUP(GERENCIAMENTO!$D$23&ROW(A7),'ATIVIDADES E APONTAMENTOS'!$A:$F,{2,3,4,5,6},0),"Não Executar")} -> 1 - RETIRADA DE PEÇAS DO VEÍCULO/BALCÃO | H8: DESMONTAGEM | I8: Retirada do carpete da caixa de rodas +chão do porta-malas e prateleiras do tampão. | J8: Nikolas | K8: 30 | L8: =K8/60 -> 0.5
F9: 8 | G9: {=IFERROR(VLOOKUP(GERENCIAMENTO!$D$23&ROW(A8),'ATIVIDADES E APONTAMENTOS'!$A:$F,{2,3,4,5,6},0),"Não Executar")} -> 1 - RETIRADA DE PEÇAS DO VEÍCULO/BALCÃO | H9: DESMONTAGEM | I9: Retirada do teto + acessórios e colunas. | J9: Nikolas | K9: 60 | L9: =K9/60 -> 1
F10: 9 | G10: {=IFERROR(VLOOKUP(GERENCIAMENTO!$D$23&ROW(A9),'ATIVIDADES E APONTAMENTOS'!$A:$F,{2,3,4,5,6},0),"Não Executar")} -> 1 - RETIRADA DE PEÇAS DO VEÍCULO/BALCÃO | H10: 0 | I10: 0 | J10: Não Executar | K10: 0 | L10: =K10/60 -> 0
F11: 10 | G11: {=IFERROR(VLOOKUP(GERENCIAMENTO!$D$23&ROW(A10),'ATIVIDADES E APONTAMENTOS'!$A:$F,{2,3,4,5,6},0),"Não Executar")} -> 1 - RETIRADA DE PEÇAS DO VEÍCULO/BALCÃO | H11: 0 | I11: 0 | J11: Não Executar | K11: 0 | L11: =K11/60 -> 0
F12: 11 | G12: {=IFERROR(VLOOKUP(GERENCIAMENTO!$D$23&ROW(A11),'ATIVIDADES E APONTAMENTOS'!$A:$F,{2,3,4,5,6},0),"Não Executar")} -> 1 - RETIRADA DE PEÇAS DO VEÍCULO/BALCÃO | H12: 0 | I12: 0 | J12: Não Executar | K12: 0 | L12: =K12/60 -> 0
F13: 12 | G13: {=IFERROR(VLOOKUP(GERENCIAMENTO!$D$23&ROW(A12),'ATIVIDADES E APONTAMENTOS'!$A:$F,{2,3,4,5,6},0),"Não Executar")} -> 1 - RETIRADA DE PEÇAS DO VEÍCULO/BALCÃO | H13: 0 | I13: 0 | J13: Não Executar | K13: 0 | L13: =K13/60 -> 0
F14: 13 | G14: {=IFERROR(VLOOKUP(GERENCIAMENTO!$D$23&ROW(A13),'ATIVIDADES E APONTAMENTOS'!$A:$F,{2,3,4,5,6},0),"Não Executar")} -> 1 - RETIRADA DE PEÇAS DO VEÍCULO/BALCÃO | H14: 0 | I14: 0 | J14: Não Executar | K14: 0 | L14: =K14/60 -> 0
F15: 14 | G15: {=IFERROR(VLOOKUP(GERENCIAMENTO!$D$23&ROW(A14),'ATIVIDADES E APONTAMENTOS'!$A:$F,{2,3,4,5,6},0),"Não Executar")} -> 1 - RETIRADA DE PEÇAS DO VEÍCULO/BALCÃO | H15: 0 | I15: 0 | J15: Não Executar | K15: 0 | L15: =K15/60 -> 0
F16: 15 | G16: {=IFERROR(VLOOKUP(GERENCIAMENTO!$D$23&ROW(A15),'ATIVIDADES E APONTAMENTOS'!$A:$F,{2,3,4,5,6},0),"Não Executar")} -> Não Executar | L16: =K16/60 -> 0
F17: 16 | G17: {=IFERROR(VLOOKUP(GERENCIAMENTO!$D$23&ROW(A16),'ATIVIDADES E APONTAMENTOS'!$A:$F,{2,3,4,5,6},0),"Não Executar")} -> Não Executar | L17: =K17/60 -> 0
F18: 17 | G18: {=IFERROR(VLOOKUP(GERENCIAMENTO!$D$23&ROW(A17),'ATIVIDADES E APONTAMENTOS'!$A:$F,{2,3,4,5,6},0),"Não Executar")} -> Não Executar | L18: =K18/60 -> 0
F19: 18 | G19: {=IFERROR(VLOOKUP(GERENCIAMENTO!$D$23&ROW(A18),'ATIVIDADES E APONTAMENTOS'!$A:$F,{2,3,4,5,6},0),"Não Executar")} -> Não Executar | L19: =K19/60 -> 0
F20: 19 | G20: {=IFERROR(VLOOKUP(GERENCIAMENTO!$D$23&ROW(A19),'ATIVIDADES E APONTAMENTOS'!$A:$F,{2,3,4,5,6},0),"Não Executar")} -> Não Executar | L20: =K20/60 -> 0
F21: 20 | G21: {=IFERROR(VLOOKUP(GERENCIAMENTO!$D$23&ROW(A20),'ATIVIDADES E APONTAMENTOS'!$A:$F,{2,3,4,5,6},0),"Não Executar")} -> Não Executar | L21: =K21/60 -> 0
F22: 21 | G22: {=IFERROR(VLOOKUP(GERENCIAMENTO!$D$23&ROW(A21),'ATIVIDADES E APONTAMENTOS'!$A:$F,{2,3,4,5,6},0),"Não Executar")} -> Não Executar | L22: =K22/60 -> 0
F23: 22 | G23: {=IFERROR(VLOOKUP(GERENCIAMENTO!$D$23&ROW(A22),'ATIVIDADES E APONTAMENTOS'!$A:$F,{2,3,4,5,6},0),"Não Executar")} -> Não Executar | L23: =K23/60 -> 0
F24: 23 | G24: {=IFERROR(VLOOKUP(GERENCIAMENTO!$D$23&ROW(A23),'ATIVIDADES E APONTAMENTOS'!$A:$F,{2,3,4,5,6},0),"Não Executar")} -> Não Executar | L24: =K24/60 -> 0
F25: 24 | G25: {=IFERROR(VLOOKUP(GERENCIAMENTO!$D$23&ROW(A24),'ATIVIDADES E APONTAMENTOS'!$A:$F,{2,3,4,5,6},0),"Não Executar")} -> Não Executar | L25: =K25/60 -> 0
F26: 25 | G26: {=IFERROR(VLOOKUP(GERENCIAMENTO!$D$23&ROW(A25),'ATIVIDADES E APONTAMENTOS'!$A:$F,{2,3,4,5,6},0),"Não Executar")} -> Não Executar | L26: =K26/60 -> 0
F27: 1 | G27: {=IFERROR(VLOOKUP(GERENCIAMENTO!$D$24&ROW(A1),'ATIVIDADES E APONTAMENTOS'!$A:$F,{2,3,4,5,6},0),"Não Executar")} -> 2 - LIMPEZA INICIAL | H27: PREPARAÇÃO | I27: Aspiração detalhada | J27: Lohan | K27: 25 | L27: =K27/60 -> 0.41666667
F28: 2 | G28: {=IFERROR(VLOOKUP(GERENCIAMENTO!$D$24&ROW(A2),'ATIVIDADES E APONTAMENTOS'!$A:$F,{2,3,4,5,6},0),"Não Executar")} -> 2 - LIMPEZA INICIAL | H28: 0 | I28: 0 | J28: Não Executar | K28: 0 | L28: =K28/60 -> 0
F29: 3 | G29: {=IFERROR(VLOOKUP(GERENCIAMENTO!$D$24&ROW(A3),'ATIVIDADES E APONTAMENTOS'!$A:$F,{2,3,4,5,6},0),"Não Executar")} -> 2 - LIMPEZA INICIAL | H29: 0 | I29: 0 | J29: Não Executar | K29: 0 | L29: =K29/60 -> 0
F30: 4 | G30: {=IFERROR(VLOOKUP(GERENCIAMENTO!$D$24&ROW(A4),'ATIVIDADES E APONTAMENTOS'!$A:$F,{2,3,4,5,6},0),"Não Executar")} -> 2 - LIMPEZA INICIAL | H30: 0 | I30: 0 | J30: Não Executar | K30: 0 | L30: =K30/60 -> 0
F31: 5 | G31: {=IFERROR(VLOOKUP(GERENCIAMENTO!$D$24&ROW(A5),'ATIVIDADES E APONTAMENTOS'!$A:$F,{2,3,4,5,6},0),"Não Executar")} -> 2 - LIMPEZA INICIAL | H31: 0 | I31: 0 | J31: Não Executar | K31: 0 | L31: =K31/60 -> 0
F32: 6 | G32: {=IFERROR(VLOOKUP(GERENCIAMENTO!$D$24&ROW(A6),'ATIVIDADES E APONTAMENTOS'!$A:$F,{2,3,4,5,6},0),"Não Executar")} -> 2 - LIMPEZA INICIAL | H32: 0 | I32: 0 | J32: Não Executar | K32: 0 | L32: =K32/60 -> 0
F33: 7 | G33: {=IFERROR(VLOOKUP(GERENCIAMENTO!$D$24&ROW(A7),'ATIVIDADES E APONTAMENTOS'!$A:$F,{2,3,4,5,6},0),"Não Executar")} -> 2 - LIMPEZA INICIAL | H33: 0 | I33: 0 | J33: Não Executar | K33: 0 | L33: =K33/60 -> 0
F34: 8 | G34: {=IFERROR(VLOOKUP(GERENCIAMENTO!$D$24&ROW(A8),'ATIVIDADES E APONTAMENTOS'!$A:$F,{2,3,4,5,6},0),"Não Executar")} -> 2 - LIMPEZA INICIAL | H34: 0 | I34: 0 | J34: Não Executar | K34: 0 | L34: =K34/60 -> 0
F35: 9 | G35: {=IFERROR(VLOOKUP(GERENCIAMENTO!$D$24&ROW(A9),'ATIVIDADES E APONTAMENTOS'!$A:$F,{2,3,4,5,6},0),"Não Executar")} -> Não Executar | L35: =K35/60 -> 0
F36: 10 | G36: {=IFERROR(VLOOKUP(GERENCIAMENTO!$D$24&ROW(A10),'ATIVIDADES E APONTAMENTOS'!$A:$F,{2,3,4,5,6},0),"Não Executar")} -> Não Executar | L36: =K36/60 -> 0
F37: 11 | G37: {=IFERROR(VLOOKUP(GERENCIAMENTO!$D$24&ROW(A11),'ATIVIDADES E APONTAMENTOS'!$A:$F,{2,3,4,5,6},0),"Não Executar")} -> Não Executar | L37: =K37/60 -> 0
F38: 12 | G38: {=IFERROR(VLOOKUP(GERENCIAMENTO!$D$24&ROW(A12),'ATIVIDADES E APONTAMENTOS'!$A:$F,{2,3,4,5,6},0),"Não Executar")} -> Não Executar | L38: =K38/60 -> 0
F39: 13 | G39: {=IFERROR(VLOOKUP(GERENCIAMENTO!$D$24&ROW(A13),'ATIVIDADES E APONTAMENTOS'!$A:$F,{2,3,4,5,6},0),"Não Executar")} -> Não Executar | L39: =K39/60 -> 0
F40: 14 | G40: {=IFERROR(VLOOKUP(GERENCIAMENTO!$D$24&ROW(A14),'ATIVIDADES E APONTAMENTOS'!$A:$F,{2,3,4,5,6},0),"Não Executar")} -> Não Executar | L40: =K40/60 -> 0
F41: 15 | G41: {=IFERROR(VLOOKUP(GERENCIAMENTO!$D$24&ROW(A15),'ATIVIDADES E APONTAMENTOS'!$A:$F,{2,3,4,5,6},0),"Não Executar")} -> Não Executar | L41: =K41/60 -> 0
F42: 16 | G42: {=IFERROR(VLOOKUP(GERENCIAMENTO!$D$24&ROW(A16),'ATIVIDADES E APONTAMENTOS'!$A:$F,{2,3,4,5,6},0),"Não Executar")} -> Não Executar | L42: =K42/60 -> 0
F43: 17 | G43: {=IFERROR(VLOOKUP(GERENCIAMENTO!$D$24&ROW(A17),'ATIVIDADES E APONTAMENTOS'!$A:$F,{2,3,4,5,6},0),"Não Executar")} -> Não Executar | L43: =K43/60 -> 0
F44: 18 | G44: {=IFERROR(VLOOKUP(GERENCIAMENTO!$D$24&ROW(A18),'ATIVIDADES E APONTAMENTOS'!$A:$F,{2,3,4,5,6},0),"Não Executar")} -> Não Executar | L44: =K44/60 -> 0
F45: 19 | G45: {=IFERROR(VLOOKUP(GERENCIAMENTO!$D$24&ROW(A19),'ATIVIDADES E APONTAMENTOS'!$A:$F,{2,3,4,5,6},0),"Não Executar")} -> Não Executar | L45: =K45/60 -> 0
F46: 20 | G46: {=IFERROR(VLOOKUP(GERENCIAMENTO!$D$24&ROW(A20),'ATIVIDADES E APONTAMENTOS'!$A:$F,{2,3,4,5,6},0),"Não Executar")} -> Não Executar | L46: =K46/60 -> 0
... F51: 25 | G51: {=IFERROR(VLOOKUP(GERENCIAMENTO!$D$24&ROW(A25),'ATIVIDADES E APONTAMENTOS'!$A:$F,{2,3,4,5,6},0),"Não Executar")} -> Não Executar | L51: =K51/60 -> 0
F52: 1 | G52: {=IFERROR(VLOOKUP(GERENCIAMENTO!$D$25&ROW(A1),'ATIVIDADES E APONTAMENTOS'!$A:$F,{2,3,4,5,6},0),"Não Executar")} -> 3 - ISOLANTE OU FELTRO | H52: CORTE | I52: Cortar Feltro seguindo molde assoalho | J52: Rita | K52: 45 | L52: =K52/60 -> 0.75
F53: 2 | G53: {=IFERROR(VLOOKUP(GERENCIAMENTO!$D$25&ROW(A2),'ATIVIDADES E APONTAMENTOS'!$A:$F,{2,3,4,5,6},0),"Não Executar")} -> 3 - ISOLANTE OU FELTRO | H53: APLICAÇÃO COLA | I53: Aplicar cola no feltro | J53: Lohan | K53: 20 | L53: =K53/60 -> 0.33333333
F54: 3 | G54: {=IFERROR(VLOOKUP(GERENCIAMENTO!$D$25&ROW(A3),'ATIVIDADES E APONTAMENTOS'!$A:$F,{2,3,4,5,6},0),"Não Executar")} -> 3 - ISOLANTE OU FELTRO | H54: PREPARAÇÃO | I54: Colagem do feltro no assoalho | J54: Lohan | K54: 40 | L54: =K54/60 -> 0.66666667
F55: 4 | G55: {=IFERROR(VLOOKUP(GERENCIAMENTO!$D$25&ROW(A4),'ATIVIDADES E APONTAMENTOS'!$A:$F,{2,3,4,5,6},0),"Não Executar")} -> 3 - ISOLANTE OU FELTRO | H55: PREPARAÇÃO | I55: Aplicar feltro no teto | J55: Lohan | K55: 60 | L55: =K55/60 -> 1
F56: 5 | G56: {=IFERROR(VLOOKUP(GERENCIAMENTO!$D$25&ROW(A5),'ATIVIDADES E APONTAMENTOS'!$A:$F,{2,3,4,5,6},0),"Não Executar")} -> 3 - ISOLANTE OU FELTRO | H56: PREPARAÇÃO | I56: Aplicar isolante no assoalho | J56: Lohan | K56: 90 | L56: =K56/60 -> 1.5
F57: 6 | G57: {=IFERROR(VLOOKUP(GERENCIAMENTO!$D$25&ROW(A6),'ATIVIDADES E APONTAMENTOS'!$A:$F,{2,3,4,5,6},0),"Não Executar")} -> 3 - ISOLANTE OU FELTRO | H57: PREPARAÇÃO | I57: Aplicar isolante no teto | J57: Lohan | K57: 90 | L57: =K57/60 -> 1.5
F58: 7 | G58: {=IFERROR(VLOOKUP(GERENCIAMENTO!$D$25&ROW(A7),'ATIVIDADES E APONTAMENTOS'!$A:$F,{2,3,4,5,6},0),"Não Executar")} -> 3 - ISOLANTE OU FELTRO | H58: 0 | I58: 0 | J58: Não Executar | K58: 0 | L58: =K58/60 -> 0
F59: 8 | G59: {=IFERROR(VLOOKUP(GERENCIAMENTO!$D$25&ROW(A8),'ATIVIDADES E APONTAMENTOS'!$A:$F,{2,3,4,5,6},0),"Não Executar")} -> 3 - ISOLANTE OU FELTRO | H59: 0 | I59: 0 | J59: Não Executar | K59: 0 | L59: =K59/60 -> 0
F60: 9 | G60: {=IFERROR(VLOOKUP(GERENCIAMENTO!$D$25&ROW(A9),'ATIVIDADES E APONTAMENTOS'!$A:$F,{2,3,4,5,6},0),"Não Executar")} -> 3 - ISOLANTE OU FELTRO | H60: 0 | I60: 0 | J60: Não Executar | K60: 0 | L60: =K60/60 -> 0
F61: 10 | G61: {=IFERROR(VLOOKUP(GERENCIAMENTO!$D$25&ROW(A10),'ATIVIDADES E APONTAMENTOS'!$A:$F,{2,3,4,5,6},0),"Não Executar")} -> 3 - ISOLANTE OU FELTRO | H61: 0 | I61: 0 | J61: Não Executar | K61: 0 | L61: =K61/60 -> 0
F62: 11 | G62: {=IFERROR(VLOOKUP(GERENCIAMENTO!$D$25&ROW(A11),'ATIVIDADES E APONTAMENTOS'!$A:$F,{2,3,4,5,6},0),"Não Executar")} -> 3 - ISOLANTE OU FELTRO | H62: 0 | I62: 0 | J62: Não Executar | K62: 0 | L62: =K62/60 -> 0
F63: 12 | G63: {=IFERROR(VLOOKUP(GERENCIAMENTO!$D$25&ROW(A12),'ATIVIDADES E APONTAMENTOS'!$A:$F,{2,3,4,5,6},0),"Não Executar")} -> 3 - ISOLANTE OU FELTRO | H63: 0 | I63: 0 | J63: Não Executar | K63: 0 | L63: =K63/60 -> 0
F64: 13 | G64: {=IFERROR(VLOOKUP(GERENCIAMENTO!$D$25&ROW(A13),'ATIVIDADES E APONTAMENTOS'!$A:$F,{2,3,4,5,6},0),"Não Executar")} -> 3 - ISOLANTE OU FELTRO | H64: 0 | I64: 0 | J64: Não Executar | K64: 0 | L64: =K64/60 -> 0
F65: 14 | G65: {=IFERROR(VLOOKUP(GERENCIAMENTO!$D$25&ROW(A14),'ATIVIDADES E APONTAMENTOS'!$A:$F,{2,3,4,5,6},0),"Não Executar")} -> Não Executar | L65: =K65/60 -> 0
F66: 15 | G66: {=IFERROR(VLOOKUP(GERENCIAMENTO!$D$25&ROW(A15),'ATIVIDADES E APONTAMENTOS'!$A:$F,{2,3,4,5,6},0),"Não Executar")} -> Não Executar | L66: =K66/60 -> 0
F67: 16 | G67: {=IFERROR(VLOOKUP(GERENCIAMENTO!$D$25&ROW(A16),'ATIVIDADES E APONTAMENTOS'!$A:$F,{2,3,4,5,6},0),"Não Executar")} -> Não Executar | L67: =K67/60 -> 0
F68: 17 | G68: {=IFERROR(VLOOKUP(GERENCIAMENTO!$D$25&ROW(A17),'ATIVIDADES E APONTAMENTOS'!$A:$F,{2,3,4,5,6},0),"Não Executar")} -> Não Executar | L68: =K68/60 -> 0
F69: 18 | G69: {=IFERROR(VLOOKUP(GERENCIAMENTO!$D$25&ROW(A18),'ATIVIDADES E APONTAMENTOS'!$A:$F,{2,3,4,5,6},0),"Não Executar")} -> Não Executar | L69: =K69/60 -> 0
F70: 19 | G70: {=IFERROR(VLOOKUP(GERENCIAMENTO!$D$25&ROW(A19),'ATIVIDADES E APONTAMENTOS'!$A:$F,{2,3,4,5,6},0),"Não Executar")} -> Não Executar | L70: =K70/60 -> 0
F71: 20 | G71: {=IFERROR(VLOOKUP(GERENCIAMENTO!$D$25&ROW(A20),'ATIVIDADES E APONTAMENTOS'!$A:$F,{2,3,4,5,6},0),"Não Executar")} -> Não Executar | L71: =K71/60 -> 0
F72: 21 | G72: {=IFERROR(VLOOKUP(GERENCIAMENTO!$D$25&ROW(A21),'ATIVIDADES E APONTAMENTOS'!$A:$F,{2,3,4,5,6},0),"Não Executar")} -> Não Executar | L72: =K72/60 -> 0
F73: 22 | G73: {=IFERROR(VLOOKUP(GERENCIAMENTO!$D$25&ROW(A22),'ATIVIDADES E APONTAMENTOS'!$A:$F,{2,3,4,5,6},0),"Não Executar")} -> Não Executar | L73: =K73/60 -> 0
F74: 23 | G74: {=IFERROR(VLOOKUP(GERENCIAMENTO!$D$25&ROW(A23),'ATIVIDADES E APONTAMENTOS'!$A:$F,{2,3,4,5,6},0),"Não Executar")} -> Não Executar | L74: =K74/60 -> 0
F75: 24 | G75: {=IFERROR(VLOOKUP(GERENCIAMENTO!$D$25&ROW(A24),'ATIVIDADES E APONTAMENTOS'!$A:$F,{2,3,4,5,6},0),"Não Executar")} -> Não Executar | L75: =K75/60 -> 0
F76: 25 | G76: {=IFERROR(VLOOKUP(GERENCIAMENTO!$D$25&ROW(A25),'ATIVIDADES E APONTAMENTOS'!$A:$F,{2,3,4,5,6},0),"Não Executar")} -> Não Executar | L76: =K76/60 -> 0
F77: 1 | G77: {=IFERROR(VLOOKUP(GERENCIAMENTO!$D$26&ROW(A1),'ATIVIDADES E APONTAMENTOS'!$A:$F,{2,3,4,5,6},0),"Não Executar")} -> 4 - TETO | H77: DESMONTAGEM | I77: Desmontar teto e colunas | J77: Nikolas | K77: 80 | L77: =K77/60 -> 1.3333333
F78: 2 | G78: {=IFERROR(VLOOKUP(GERENCIAMENTO!$D$26&ROW(A2),'ATIVIDADES E APONTAMENTOS'!$A:$F,{2,3,4,5,6},0),"Não Executar")} -> 4 - TETO | H78: PREPARAÇÃO | I78: Remoção tecido antigo e limpeza | J78: Nikolas | K78: 240 | L78: =K78/60 -> 4
F79: 3 | G79: {=IFERROR(VLOOKUP(GERENCIAMENTO!$D$26&ROW(A3),'ATIVIDADES E APONTAMENTOS'!$A:$F,{2,3,4,5,6},0),"Não Executar")} -> 4 - TETO | H79: PREPARAÇÃO | I79: Limpeza das colunas originais | J79: Nikolas | K79: 60 | L79: =K79/60 -> 1
F80: 4 | G80: {=IFERROR(VLOOKUP(GERENCIAMENTO!$D$26&ROW(A4),'ATIVIDADES E APONTAMENTOS'!$A:$F,{2,3,4,5,6},0),"Não Executar")} -> 4 - TETO | H80: CORTE | I80: Corte do novo tecido | J80: Rita | K80: 15 | L80: =K80/60 -> 0.25
F81: 5 | G81: {=IFERROR(VLOOKUP(GERENCIAMENTO!$D$26&ROW(A5),'ATIVIDADES E APONTAMENTOS'!$A:$F,{2,3,4,5,6},0),"Não Executar")} -> 4 - TETO | H81: APLICAÇÃO COLA | I81: Aplicação cola no teto e no tecido | J81: Nikolas | K81: 30 | L81: =K81/60 -> 0.5
F82: 6 | G82: {=IFERROR(VLOOKUP(GERENCIAMENTO!$D$26&ROW(A6),'ATIVIDADES E APONTAMENTOS'!$A:$F,{2,3,4,5,6},0),"Não Executar")} -> 4 - TETO | H82: COLAGEM | I82: Revestir o teto com tecido novo | J82: Gabriel | K82: 80 | L82: =K82/60 -> 1.3333333
F83: 7 | G83: {=IFERROR(VLOOKUP(GERENCIAMENTO!$D$26&ROW(A7),'ATIVIDADES E APONTAMENTOS'!$A:$F,{2,3,4,5,6},0),"Não Executar")} -> 4 - TETO | H83: MONTAGEM | I83: Montar teto e colunas | J83: Arthur | K83: 80 | L83: =K83/60 -> 1.3333333
F84: 8 | G84: {=IFERROR(VLOOKUP(GERENCIAMENTO!$D$26&ROW(A8),'ATIVIDADES E APONTAMENTOS'!$A:$F,{2,3,4,5,6},0),"Não Executar")} -> 4 - TETO | H84: 0 | I84: 0 | J84: Não Executar | K84: 0 | L84: =K84/60 -> 0
F85: 9 | G85: {=IFERROR(VLOOKUP(GERENCIAMENTO!$D$26&ROW(A9),'ATIVIDADES E APONTAMENTOS'!$A:$F,{2,3,4,5,6},0),"Não Executar")} -> 4 - TETO | H85: 0 | I85: 0 | J85: Não Executar | K85: 0 | L85: =K85/60 -> 0
F86: 10 | G86: {=IFERROR(VLOOKUP(GERENCIAMENTO!$D$26&ROW(A10),'ATIVIDADES E APONTAMENTOS'!$A:$F,{2,3,4,5,6},0),"Não Executar")} -> 4 - TETO | H86: 0 | I86: 0 | J86: Não Executar | K86: 0 | L86: =K86/60 -> 0
F87: 11 | G87: {=IFERROR(VLOOKUP(GERENCIAMENTO!$D$26&ROW(A11),'ATIVIDADES E APONTAMENTOS'!$A:$F,{2,3,4,5,6},0),"Não Executar")} -> 4 - TETO | H87: 0 | I87: 0 | J87: Não Executar | K87: 0 | L87: =K87/60 -> 0
F88: 12 | G88: {=IFERROR(VLOOKUP(GERENCIAMENTO!$D$26&ROW(A12),'ATIVIDADES E APONTAMENTOS'!$A:$F,{2,3,4,5,6},0),"Não Executar")} -> 4 - TETO | H88: 0 | I88: 0 | J88: Não Executar | K88: 0 | L88: =K88/60 -> 0
F89: 13 | G89: {=IFERROR(VLOOKUP(GERENCIAMENTO!$D$26&ROW(A13),'ATIVIDADES E APONTAMENTOS'!$A:$F,{2,3,4,5,6},0),"Não Executar")} -> 4 - TETO | H89: 0 | I89: 0 | J89: Não Executar | K89: 0 | L89: =K89/60 -> 0
F90: 14 | G90: {=IFERROR(VLOOKUP(GERENCIAMENTO!$D$26&ROW(A14),'ATIVIDADES E APONTAMENTOS'!$A:$F,{2,3,4,5,6},0),"Não Executar")} -> Não Executar | L90: =K90/60 -> 0
F91: 15 | G91: {=IFERROR(VLOOKUP(GERENCIAMENTO!$D$26&ROW(A15),'ATIVIDADES E APONTAMENTOS'!$A:$F,{2,3,4,5,6},0),"Não Executar")} -> Não Executar | L91: =K91/60 -> 0
F92: 16 | G92: {=IFERROR(VLOOKUP(GERENCIAMENTO!$D$26&ROW(A16),'ATIVIDADES E APONTAMENTOS'!$A:$F,{2,3,4,5,6},0),"Não Executar")} -> Não Executar | L92: =K92/60 -> 0
F93: 17 | G93: {=IFERROR(VLOOKUP(GERENCIAMENTO!$D$26&ROW(A17),'ATIVIDADES E APONTAMENTOS'!$A:$F,{2,3,4,5,6},0),"Não Executar")} -> Não Executar | L93: =K93/60 -> 0
F94: 18 | G94: {=IFERROR(VLOOKUP(GERENCIAMENTO!$D$26&ROW(A18),'ATIVIDADES E APONTAMENTOS'!$A:$F,{2,3,4,5,6},0),"Não Executar")} -> Não Executar | L94: =K94/60 -> 0
F95: 19 | G95: {=IFERROR(VLOOKUP(GERENCIAMENTO!$D$26&ROW(A19),'ATIVIDADES E APONTAMENTOS'!$A:$F,{2,3,4,5,6},0),"Não Executar")} -> Não Executar | L95: =K95/60 -> 0
F96: 20 | G96: {=IFERROR(VLOOKUP(GERENCIAMENTO!$D$26&ROW(A20),'ATIVIDADES E APONTAMENTOS'!$A:$F,{2,3,4,5,6},0),"Não Executar")} -> Não Executar | L96: =K96/60 -> 0
F97: 21 | G97: {=IFERROR(VLOOKUP(GERENCIAMENTO!$D$26&ROW(A21),'ATIVIDADES E APONTAMENTOS'!$A:$F,{2,3,4,5,6},0),"Não Executar")} -> Não Executar | L97: =K97/60 -> 0
F98: 22 | G98: {=IFERROR(VLOOKUP(GERENCIAMENTO!$D$26&ROW(A22),'ATIVIDADES E APONTAMENTOS'!$A:$F,{2,3,4,5,6},0),"Não Executar")} -> Não Executar | L98: =K98/60 -> 0
F99: 23 | G99: {=IFERROR(VLOOKUP(GERENCIAMENTO!$D$26&ROW(A23),'ATIVIDADES E APONTAMENTOS'!$A:$F,{2,3,4,5,6},0),"Não Executar")} -> Não Executar | L99: =K99/60 -> 0
F100: 24 | G100: {=IFERROR(VLOOKUP(GERENCIAMENTO!$D$26&ROW(A24),'ATIVIDADES E APONTAMENTOS'!$A:$F,{2,3,4,5,6},0),"Não Executar")} -> Não Executar | L100: =K100/60 -> 0
F101: 25 | G101: {=IFERROR(VLOOKUP(GERENCIAMENTO!$D$26&ROW(A25),'ATIVIDADES E APONTAMENTOS'!$A:$F,{2,3,4,5,6},0),"Não Executar")} -> Não Executar | L101: =K101/60 -> 0
F102: 1 | G102: {=IFERROR(VLOOKUP(GERENCIAMENTO!$D$27&ROW(A1),'ATIVIDADES E APONTAMENTOS'!$A:$F,{2,3,4,5,6},0),"Não Executar")} -> 5 - CINTOS | H102: MONTAGEM | I102: Instalaçao cinto de 3 pontos retrateis - novos BRV | J102: Arthur | K102: 10 | L102: =K102/60 -> 0.16666667
F103: 2 | G103: {=IFERROR(VLOOKUP(GERENCIAMENTO!$D$27&ROW(A2),'ATIVIDADES E APONTAMENTOS'!$A:$F,{2,3,4,5,6},0),"Não Executar")} -> 5 - CINTOS | H103: MONTAGEM | I103: Instalação de cintos abdominais traseiros 3 pçs - BRV | J103: Arthur | K103: 15 | L103: =K103/60 -> 0.25
F104: 3 | G104: {=IFERROR(VLOOKUP(GERENCIAMENTO!$D$27&ROW(A3),'ATIVIDADES E APONTAMENTOS'!$A:$F,{2,3,4,5,6},0),"Não Executar")} -> 5 - CINTOS | H104: 0 | I104: 0 | J104: Não Executar | K104: 0 | L104: =K104/60 -> 0
...

Sheet PRG02
A3: Rótulos de Linha | B3: H Real | C3: Média de % Conclusão | D3: Média de Campo2
A4: 1 - RETIRADA DE PEÇAS DO VEÍCULO/BALCÃO | B4: 8.5833333 | C4: 0.8875 | D4: 2.5121951
A5: 2 - LIMPEZA INICIAL | B5: 0.83333333 | C5: 1 | D5: 2
A6: 3 - ISOLANTE OU FELTRO | B6: 1.5 | C6: 0 | D6: 0.26086957
A7: 4 - TETO | B7: 0 | C7: 0 | D7: 0
A8: 5 - CINTOS | B8: 0 | C8: 0 | D8: 0
A9: 6 - CARPETE / ASSOALHO ( NOVO ? / MOLDADO ? / PORSCHE ?) | B9: 0 | C9: 0 | D9: 0
A10: 7 - CONSOLE CENTRAL + PEÇAS | B10: 0 | C10: 0 | D10: 0
A11: 8 - PORTA MALAS | B11: 0 | C11: 0 | D11: 0
A12: 9 - TAMPA TRASEIRA | B12: 0 | C12: 0 | D12: 0
A13: 10 - LATERAIS TRASEIRAS | B13: 0 | C13: 0 | D13: 0
A14: 11 - OMBREIRA | B14: 0 | C14: 0 | D14: 0
A15: 12 - FORROS DE PORTAS | B15: 0 | C15: 0 | D15: 0
... A24: Total Geral | B24: 10.916667 | C24: 0.060902256 | D24: 0.13804004
